{
  "dimensions": {
    "width": 5.918766975402832,
    "depth": 5.07730770111084,
    "height": 2.71,
    "area": 30.051401138305664
  },
  "floor_bounds": {
    "x_min": -3.228853702545166,
    "x_max": 2.689913511276245,
    "z_min": 1.9543039798736572,
    "z_max": 7.031611919403076,
    "y_floor": 1.2276073694229126
  },
  "calibration_factor": 1.000393795525022,
  "room_type": "living_room"
}