{
  "dimensions": {
    "width": 5.24171257019043,
    "depth": 4.496509552001953,
    "height": 2.4,
    "area": 23.56941032409668
  },
  "floor_bounds": {
    "x_min": -2.859501600265503,
    "x_max": 2.382211208343506,
    "z_min": 1.7307488918304443,
    "z_max": 6.227258205413818,
    "y_floor": 1.0871801376342773
  },
  "calibration_factor": 0.8859576048930085,
  "room_type": "living_room"
}